name,address,website,phno,email
Resonance,"East Campus-14, Pratap Nagar, Mayur Vihar, Phase 1, Delhi, 110096",http://www.delhi.resonance.ac.in/index.aspx,"['9015117327', '9310334610', '011-60606603', ' 60606604', ' 60606605']","['delhie@resonance.ac.in', 'delhi@resonance.ac.in']"
FIITJEE,"31, 32, 33, Central Market, West Punjabi Bagh, Delhi, 110026",http://www.fiitjee.com,"['011-45634000', ' 45634003']","['dist.edu@fiitjee.com', 'info@fiitjee.com']"
Aakash Institute,"K-11, South Extension Part- I, Delhi, 110049",http://www.aakashinstitute.com,"['011-39454545', ' 46203456', ' 46203234']",[]
Rao IIT Academy,"Ground Floor, A1/173A, Near Eye7 Chaudhary Eye Centre,Metro Pillar No.613,Janakpuri, , Delhi, 110058",http://www.raoiitacademy.com,"['7065700037', '7065700038']",['studentcare@raoiit.com']
PACE IIT and Medical,"65-A, First Floor, OMPRO Tower, Kalu Sarai, Delhi, 110017",http://www.iitianspace.com,"['9999732400', '9582633552', '011-41032930', ' 41657741']","['pacedelhi@iitianspace.com', 'info@iitianspace.com']"
Narayana IIT Academy,"201-A, 2nd Floor, Dimension Durga Tower, Plot No. 10, Sector 4, Dwarka, Delhi, 110075",http://www.narayanadelhi.com,"['011-45621724', '011-45621725']","['complaints@narayanagroup.com', 'complaint.dwarka@gmail.com']"
Sri Chaitanya,"11, Central Market, Punjabi Bagh West, Delhi, 110026",http://www.srichaitanyadelhi.com,"['011-45073451', ' 45073452']",[]
Takshila Institute,"Corporate Office- D-11/154, First Floor, Sector 8, Rohini, Opp. Metro Pillar No. 389,, Delhi, 110085",http://takshilainstitute.com,"['9310378303', '9868445900', '011-27940381', ' 27940373']",[]
Amity Institute for Competitive Examinations,"Head Office- #E-25, Defence Colony, Delhi, 110024",http://www.amity.edu/aice,"['011-24336143', ' 24336144', ' 24331000', ' 24331002']",[]
Career Launcher,"A-18, Rama House, First Floor, Middle Circle, Connaught Place, Delhi, 110001",http://www.careerlauncher.com/delhi/,"['9999665300', '011-47772100']","['https://www.careerlauncher.com/chennai/', 'support@careerlauncher.com', 'cp@careerlaucher.com']"
Focus IIT JEE Academy,"F-638, First Floor, Palam Extension, Sector 7, Dwarka, Delhi, 110045",http://www.focusiitjee.com,"['9928257878', '9929219440', '011-65176500']","['info@focusiitjee.com', 'fjaipur@gmail.com']"
Vidyamandir Classes,"55 - B, Ground Floor, Nisha Complex, Kalu Sarai, Delhi, 110016",http://www.vidyamandir.com,['011-42156441'],"['http://www.vidyamandir.com', 'kalusarai@vidyamandir.com']"
PIE Education,"A-8, 2nd Floor, Vikaspuri, Delhi, 110018",http://www.pieeducation.in/,"['011-45070601', ' 45070602']",[]
Avanti Learning Centre,"No. 212-A, 2nd Floor Shahpur Jat, Hauz Khas, Delhi, 110016",http://avanti.in,['8268049991'],['info@avanti.in']
Lakshya Institute,"ED 15-C, Pitampura, Delhi, 110034",https://www.facebook.com/lakshyainstitute,"['9971272000', '9971275000', '011-27310051']",[]
Acharya,"E-360, 3rd Floor, Nirman Vihar, Vikas Marg, Delhi, 110092",http://acharya4success.com,"['9990455331', '9990834440', '991118922', '011-22529975']",['acharya.inst123@gmail.com']
Singh Study Circle,"A-54, Prashant Vihar (Opp. Lancer Convent School) Rohini, Sector XIV, Delhi, 110085",http://www.singhstudycircle.org,"['011-27556722', '47035337']",['support@singhstudycircle.in']
Brilliant Tutorials,"#19-20, Central Market, Punjabi Bagh-West, Delhi, 110026",,"['9654297941', '011-25221424', ' 25221425']",[]
Byju's Classes,"Boali Gate Rd, Opp The LodhiNizamuddin, Nizammudin West Slum, Nizamuddin WestIndia, Delhi, 110013",http://www.byjusclasses.com,"['9873643487', '9241333666', '9880031619']","['support@byjus.com', 'contact@byjus.com']"
Quest Tutorials,"AC–1B, Shalimar Bagh, Delhi,",https://www.facebook.com/Quest.IITEE,['9811373334'],[]
Speed Institute,"118/4, Sudarsan Street, Shivam House Basement, Goutam Nagar, Delhi, 110049",http://www.speedmedicalcentre.com/,"['9310034432', '9310034433']",['contact@speedmedicalcentre.com']
Study Mate,"2nd Floor, Jwalaheri Market, Above Richlook, Paschim Vihar, Delhi, 110063",http://studymateonline.com,"['', '011-64788505', ' 69413305']","['mohit.yadav@studymateonline.in', 'helpline@studymateonline.com']"
Career Endeavour Academy,"28-A/11, Jia Sarai, Near-IIT Hauz Khas, New Delhi, Delhi, 110016",http://careerendeavour.com,"['011-26851008', '011-26851009']",['info@careerendeavour.in']
Turning Point,"H-36 B, Delhi, 110019",http://www.theturningpointonline.com,"['8527363749', '011-26228900', ' 40601840']",['info@theturningpointonline.com']
The Shri Ram Coaching Classes,"A-8, Second Floor, Acharya Niketan, Above UCO Bank, Mayur Vihar - 1, Delhi, 110091",http://www.tsrcc.in,"['8588828031', '011-43011729']",['tsrcc@shrieducare.com']
Vidya Kendra,"B-1/10-A, Yamuna Vihar, Near Mohan Nursing Home, Delhi, 110053",http://www.vidyakendra.com,[],"['vidyakendra3sit@gmail.com', 'sksinghiitg@gmail.com']"
IIT Study Circle,"A-1/171, Main Najafgarh Road, Janakpuri, Delhi, 110018",,"['9266670812', '011-64657273']","['http://ww1.iitstudycircle.org/', 'info@iitstudycircle.org']"
Target IITJEE-PMT Classes,"106 1st Floor, Pragati Deep Building, District Centre, Laxminagar, Delhi, 110092",https://www.targetiitjeepmtclasses.com/,"['011-65007177', '011-43034114']",['info@targetiitjeepmtclasses.com']
Nutan Universal Academy,"28/1, second floor, shakti nagar, Delhi, 110007",http://nutanuniversalacademy.com/,"['9811177527', '9811177507', '9711543004']",['info@nutanuniversalacademy.com']
Disha Classes,"Head Office- 13, Central Market, Ashok Vihar, Phase 1, Delhi, 110052",http://www.dishaclasses.com,"['011-27466246', ' 27221300', ' 42283187']",['disha_classes@yahoo.com']
Whizdom Excellence in Education,"61– C, Kalu Sarai, Sarvapriya Vihar, New Delhi, India-, Delhi, 110016",http://www.whizdomedu.com,"['9717789009', '011-48100000']",['info@whizdomedu.com']
Future Edge,"Corporate Office- 364, First Floor, Kohat Enclave, Pitampura, Delhi, 110034",http://www.futureedge.in,"['858684577', '9643103458', '011-41845255']",['info@FutureEdge.in']
The Guidance,"South Delhi- 58/1, Kalu Sarai, Opp. Sarvpriya Vihar, Delhi, 110016",http://www.theguidance.co.in,"['7428594526', '011-46043741', ' 41828089']",['amrguidance13@gmail.com']
Maharishi Basant Tutorials,"B-1/637, Opp. Metro Pillar No. 563, Janakpuri, Delhi, 110058",http://www.maharishibasanttutorials.com/index.html,"['9212546456', '011-41027641', ' 64617641', ' 64658771']",['info@maharishibasanttutorials.com']
Career Avenues,"O/92- First Floor, Bank Street, Near SBI and HDFC ATM, Munirka, Delhi, 110067",http://www.careeravenues.info,"['9810258467 - Director', '011-65659046', ' 40666674']",['caadmission@gmail.com']
Vision IIT JEE and PMT,"Shop No:A/177,A-Block, Chatrapati Shivaji Marg, Janakpuri, Block A1, Janakpuri, Delhi, 110058",http://visionpmt.in/about.php,"['8506014999', '011-49584958', ' Toll Free- 18002702705']","['visionpmt.in@gmail.com', 'contact@visionpmt.in']"
Sehgal School of Competitions,"182, II & III Floor, Pkt-D-12, Sector 8, Rohini, Delhi, 110085",https://www.facebook.com/sehgalschoolofficial/,"['9599338288', '8810674693']",['http://www.sehgalschool.com/']
Bansal Learning,"G-10A , Ground Floor, Roots Tower , Laxmi Nagar District Centre, Delhi, 110092",https://www.bansallearning.com,['011-43013575'],['info@BansalLearning.com']
Erose Educational Infotech,"M-147, Block M, Greater Kailash II, Greater Kailash, New Delhi, Delhi 110048, Delhi, 110048",http://www.erose.in,['011-65104040'],['info@erose.in']
Kshitij Education India,"B-206, Dwarka Sector 7, Palam Extn., Delhi, 110045",http://www.kshitij-iitjee.com,"['9718199348', '011-64739348', ' 64599348', ' 64649348', ' 65659348']",[]
Sigma Classes,"Batra cinema complex, Mukherjee Nagar, Delhi, 110009",https://sigma-classes-info.business.site/?utm_source=gmb&utm_medium=referral,"['8368649911', '01140113736']",['sigmaclasses7@gmail.com']
Sarthak Institute,"Branch Office- A-1/17, Ground Floor, Janakpuri, (Opposite Metro Pilar No. 636), Delhi, 110058",http://www.sarthakinstitute.com,"['9582316557', '9278035655', '011-65570655']",['info@sarthakinstitute.com']
I Books Institute,"Head Office- 63, Mohit Nagar (Opposite NSIT) Sector- 14/3 Crossing, Dwarka, Delhi, 110078",http://www.ibks.in/,"['9911230000', '9911230011', '011-25088370']",['enquiry@ibks.in']
KVN Classes,"Stall No. 25, 26, Central Market, Punjabi Bagh West, Adjacent Domino's Pizza, Delhi, 110026",http://www.kvnclasses.com,"['8527962224', '011-65156230', '011-45085550']",['kvnclasses.pb@gmail.com']
Anand Institute of Mathematics,"65-C,Ground FloorPrateek Market,Near Canara ,Bank,Munirka, Delhi, 110067",http://www.anandinstitute.org,"['9891879909', '9871906279', '011-26567268']",['anandinstituteofmaths@gmail.com']
Teachwell Institute,"Rohini-415, 4th floor Amba Tower, DC Chowk Complex, Sec-9, Rohini, Delhi, 110085",http://www.teachwell.co.in,"['9310380899', '7827880899', '9015557890']",['info@teachwell.co.in']
Guru Dronacharya Institute,"Centre 1- E-1/8, First Floor, Sector 7, Opp. M2K Multiplex, Rohinin, Delhi, 110085",http://www.gurudronacharya.org,"['9999103551', '011-47011648']","['info@gurudronacharya.org', 'gurudronacharya.2010@gmail.com']"
Clear Exam,"E-359, 2nd Floor, Nirman Vihar, Near Metro Station Gate No. 3, Delhi, 110092",http://clearexam.ac.in/,['9811560490'],"['http://clearexam.ac.in/', 'info@clearexam.ac.in']"
KCS Educate,"C-9, First Floor, New Krishna Park, Vikaspuri, Near Janakpuri West Metro Station, Delhi, 110059",https://www.facebook.com/kcseducate/,"['011-64722787', ' 64722788']","['http://www.kcseducate.in/', 'info@kcseducate.in']"
Nivedita Classes,"N- 16 , LGF , Near Allahabad Bank, Delhi, 110019",https://www.facebook.com/niveditaclasses.india,['9953635005'],"['http://www.niveditaclasses.com', 'info@niveditaclasses.com']"
Topchalks,"Level 2, Elegance, Mathura Road, Jasola, Delhi, 110025",http://www.topchalks.com/,"['9289678678', '011-40601405']",['info@topchalks.com']
Bhargav Tutorials,"Old Post Office Building, First and 2nd Floor, Opposite Police Station, Mehrauli, Delhi, 110030",http://bhargavtutorials.com,"['9711971595', '011-65197113']",['Info@bhargavtutorials.com']
Target Educare Pvt. Lmt.,"WZ 49/20, 1st and 2nd Floor, Bodella, Delhi, 110018",http://www.targeteducare.com,"['9223234567', '022 - 6525 4444']",['info@targeteducare.com']
Shilkapma Classes,"Near Dominos, F-14/11, Model Town Phase II, Model Town, Delhi, 110009",http://skmclasses.com/,"['9968066075', '8527576075', '011-47560108']",['infoskmclasses@gmail.com']
Oasis Educational Services,"Head Office: Oasis Bhawan, Local Shopping Complex, B-1, (Opp. Jal Board), Vasant Kunj, Delhi, 110070",http://oasiscare.com/,"['9560720559', '9971690971', '011-26124025', '011-26124026', '011-26124027']","['oasis.oes@gmail.com', 'info@oasiscare.com']"
Knowledge Horizon Classes,"F-3, First Floor, Mriglani Chowk, Dilshad Colony, Delhi, 110095",http://www.khclasses.co.in,"['011-43573884', ' 43573885']",['info@khclasses.co.in']
Nimbus Tutorials,"L-1A-564/15, Sangam Vihar, Delhi, 110062",http://www.nimbustutorial.com/,"['9971184411', '9436291291']","['nimbusacademydelhi@gmail.com', 'franchise@nimbusacademy.in']"
Sachdeva New P.T. College,"Defence Colony, B-85, Defence Colony, Delhi, 110024",http://www.sachdevacollege.com,"['9958897063', '9958897064']",[]
S.K. Tutorial,"Branch Office: Plot No. 52, First Floor, Pocket 16, Sector 24, Rohini, Delhi, 110085",http://www.sktutorial.com,"['9213752361', '9868099975', '9810378943', '011-65578963']","['info@sktutorial.com', 'info.sktutorial@gmail.com']"
Deep Institute,"2513, Basement, Hudson Lane, Beside HDFC Bank, Opp. Laxmi Dairy, GTB Nagar, Delhi, 110009",http://www.deepinstitute.co.in,"['9560402898', '9971954342', '011-47511310']","['inquiry@deepinstitute.co.in', 'sudhirdse1@gmail.com']"
Eureka Institute,"106, Third Floor, Opposite, GTB Nagar Metro Station, Gate No.1, Delhi, 110009, Delhi, 110009",http://eurekainstitute.co.in,"['9810084099', '9650084099', '9717084099', '', '011-27464073', ' 47058073']",['eurekainstitute@yahoo.co.in']
Engineers Classes,"487/12, Main Peeragarhi Chowk, Adjoining Aggrawal Sweets, Delhi, 110063",http://www.engineersclasses4competition.com,"['9810366022', '9818366022', '011-25046015']",[]
Nilayam Academy,"RZ-51, Indra Park, Uttam Nagar, Delhi, 110059",http://nilayamacademy.com/,['9717711116'],['nilayamacademy@gmail.com']
Agarwal Study Centre,"J-290, Saket, Delhi, 110017",http://www.agarwalstudycentre.com/index.php,"['011-29554321', '43151244']",['ascsje@gmail.com']
Sri Aadarsh Academy,"Central Zone- 55/2, Swaroop Park, Lajpath Nagar, Delhi, 110024",http://www.sriaadarshacademy.com/,['8115008016'],"['info@sriaadarshacademy.com', 'hr@sriaadarshacademy.com']"
Sirohi Classes,"458, Mandakini Enclave, Alaknanda, Delhi, 110019",http://sirohiclasses.com,"['9810252244', '9810252234', '9555552244', '9810272244']",['sirohisir@gmail.com']
Nam Institute of Professional Studies,"""1899-B , 2nd & 3rd Floor, South Ex Part -1, New Delhi, Delhi, 110049",http://www.namedu.org,"['9911757394', '9312871686', '011-24626548', '011-24626549']","['namipsdelhi@gmail.com', 'namipsgurgaon@gmail.com']"
Spark Academy,"C-17, Pocket 2, Sector 7, Dwarka, Delhi, 110075",https://www.facebook.com/sparkacademi/,['9386834970'],['https://www.sparkacademyonline.com/']
Excel IIT JEE Coaching,"1/1 East Patel Nagar,(At Patel Nagar Metro Station at Gate No:3), Delhi, 110008",http://www.exceliit.com/,"['9873503465', '9999780050']","['info@Exceliit.com', 'info@exceliit.com']"
Prashant Physics Classes,"61-B, PKT-A, Vikas Puri Ext., Outer Ring Road, Delhi, 110018",http://www.physicsclasses.in/,"['9990088009', '9312237121']","['prashantvibhav@gmail.com', 'info@physicsclasses.in']"
TestBag Academy,"A-17, Janakpuri Centre, Near Uttam Nagar Bus Terminal, Delhi, 110058",http://testbagacademy.com,"['8860429473', '9868386865', '011-45661918']","['jai@testbag.co.in', 'testbag@testbag.com']"
Aryan Classes,"Aryan Classes, new delhi, Delhi, 110016",http://www.aryanclasses.com,"['8802577528', '8587067721', '011-64591988']","['aryanclasses@gmail.com', 'info@aryanclasses.com']"
Nata Study Centre,"Plot No. C-916, First Floor, Ramphal Chowk Main Market, Sector 7, Dwarka, Delhi, 110075",http://www.natastudies.com,"['9899373775', '011-65425993']",['natastudiesdelhi@gmail.com']
Zcore Institute of Learning School,"B1 2nd Floor, Zcore Tower, Dwarka more Opposite Metro Pillar No. 789, Delhi, 110059",http://www.zcoreinstitute.com,"['9654884788', '011-64555550']",['iaao@zcoreinstitute.com']
Gyankunj Classes,"72/12, Mata Wali Gali, Vishwakarma Road, Pana Udhan Narela, Delhi, 110040",http://gyankunjinstitute.com/,['9810733484'],['battle@gyankunjinstitute.com']
Saraswati Chemistry Point,"Pitampura Centre- D.P. Market, Plot No. 5, 3rd Floor, Above Axis Bank, Pitampura, Delhi, 110034",http://www.saraswatichemistrypoint.com,"['9871621367', '9213145146', '9899899326', '9696500500', '9696400400', '011-27316087', '011-27316082', '011-49075027']",['info@saraswatichemistrypoint.com']
Actuation,"2590, Hudson Lane, Behind Khalsa College, Kingsway Campus, Delhi, 110009",http://www.actuation.co.in/,"['9266103333', '9899991800']",['info@actuation.co.in']
Sumit Coaching Centre,"9/13, Bada Bazar Road, Block 9, Old Rajinder Nagar, Delhi, 110060",http://www.sumitcoachingcentre.com/,['9811678111'],"['vermasumit01@gmail.com', 'info@sumitcoachingcentre.com']"
N.R.R. Institute,"Malviya Nagar Corner, Opp.'S' Block Panchsheel Park, Delhi, 110017",http://www.nrrinstitute.net/,"['7042555441', '7042555442', '011-64995890', ' 64995891', ' 41745094', ' 41745095', ' 40501953']",['careerinfinity_4u@yahoo.co.in']
Axis Tutorials,"Corporate Office- 1-B, First Floor, Pusa Road, Karol Bagh, Metro Station, Delhi, 110060",http://www.axistutorials.in,"['9810227964', '9810227969', '011-45138664']",['info@axistutorials.co.in']
Satish Goyal Physics Classes,"DIS Classes J-1, DDA Flats, Alaknanda Market, Kalkaji, Delhi, 110019",http://www.satishgoyalphysics.com,['9711289192'],"['satish.goyal707@gmail.com', 'satishgoyalphysics@gmail.com']"
Fountain International Coaching Institute,"7/C, Taimoor Nagar, New Friends Colony, Delhi, 110065",http://www.fountaininstitute.in,"['9971725308', '9971725495', '41081111']","['info@fountaininstitute.in', 'mumbai@fountaininstitute.in']"
Unnati Classes,"M-99, Block M Saket, Delhi, 110017",http://unnatiedu.com/,"['9958628632', '9990071199']",['info@unnatiedu.com']
Apex Education,"301-303 Third Floor Aggrawal Tower Market Sector – 5 Dwarka, Delhi, 110075",http://apexeducation.co.in/,"['9811661073', '9312322989', '011-68888102']","['info@apexeducation.co.in', 'apex265@gmail.com']"
Keshaw Classes,"5-A 11028/9 WEA Sat Nagar Karol Bagh, Delhi, 110005",http://www.keshawclasses.com/index.html,"['9910915514', '9953150192', '011-45660510']",['keshawclasses@gmail.com']
Satyam Tutorials,"L-39-B, Saket, Delhi, 110017",http://satyamtutorials.com/,"['9811123584', '9811474746', '9911352949', '9911406642', '011-65681231']",[]
Mohanty Classes,"B-1, Vasant Kunj, Delhi, 110070",http://www.mohantyclasses.com,"['9971649020', '011-46012886']",['mohantyclasses@gmail.com']
Zenith Education Centre,"Branch Offices- Opp. Police Chowki, Shaheen, Bagh, Jamia Nagar, Delhi, 110025",http://www.zec.co.in/,"['9810507053', '9891350707']",[]
Catalyst Institute,"Flat No. 167, Milansar Appartments, Paschim Vihar, Near Peeragarhi, Delhi, 110087",http://www.catalystinstitutes.com,"['7838331008', '078-38-33-1008']",['catalystinstitutes@gmail.com']
Ayushman Institute,"401, Rishabh Corporate Tower, Karka Rdooma Community Centre, Delhi, 110092",http://www.ayushmaninstitute.com,"['9810056842', '9818539775', '011-22374437']",['info@ayushmaninstitute.com']
Simplified Physics,"3rd Floor, Amba Tower, D C Chowk, Sector 9, Sector 9, Rohini, Delhi, 110085",http://www.simplifiedphysics.in,"['9810661895', '9891459902']",['simplifiedphysics.info@gmail.com']
Study Innovations,"1/8, Jangpura Extension, Delhi, 110014",http://www.studyinnovations.com,"['9868025442', '9871605362', '011-65870197']",['hr@studyinnovations.com']
Pyramid Classes,"H-36 B, Kalkaji, Delhi, 110019",http://pyramidclasses.eduwizards.in,"['8527363749', '011-64669969', ' 26228900', ' 40601840']",['info@pyramidclasses.com']
Creative Career,"Head Office- 585, J.P. Complex, First Floor, Bank Street, Munirka, Nearest Metro Connectivity, Hauz Khas Metro Station, Delhi, 110067",http://www.creativecareer.in,"['9313415509', '9560247511', '011-41407511']",['info.creativecareer@gmail.com']
Swastika Classes,"H–30, Bengali Sweets Road, South Extension Part- I,, Delhi, 110049",http://www.swastikaclasses.com/,"['9212128506', '9953805258']",['classesdelhi@gmail.com']
Topper's Academy,"Plot No. 85, Gali No. 2, Friends Enclave, Nangloi, Delhi, 110086",,['9899166803'],['rajatjain496@gmail.com']
Vidyanjali Education Private Limited,"23, New Market, Malviya Nagar Near C.C.D, Delhi, 110003",http://www.vidyanjalieducation.net/,[],[]
Arene Academy,"D-17, Basement, Near Vijay Chowk, Laxmi Nagar, Delhi, 110092",http://www.areneacademy.com,"['9871713129', '9871712577', '', '', '']","['info@hometuitionpoint.in', 'support@areneacademy.com']"
Bansal Tutorials,"#65, Kalu Sarai, Sarv Priya Vihar, Hauz Khas, Delhi, 110016",http://www.bansaltutorials.com,"['9560190336', '011-41828700', ' 46014544']",[]
Om Sai Academy,"Plot No. A-21, 2nd Floor, Near Street No. 13, Main Road, Wazirabad Village, Dr. Mukherjee Nagar, Delhi, 110009",http://www.omsaiacademy.com/,"['9599016074', '9911450981']",['priyanshiritu786@gmail.com']
NICS Institute,"South Delhi Centre- 205, 2nd Floor, Masjid Moth, South Extension- 2, Delhi, 110049",http://nicspvtltd.com,"['9810405406', '011-26264176', ' 26261199']",['sanjaybhatanagar.nics@gmail.com']
Innovation Classes,"B-11, (Basement), Opposite Metro Pillar No. 611, Near Janak Puri (W) Metro Station, Shankar Garden, Vikaspuri, Delhi,",,"['8287754021', '011-32976811']",[]
Archo Classes,"D 30 Office Number 301 Siddharth Complex Third Floor, Laxmi Nagar, Delhi, 110092",http://www.archoclasses.com/,"['9899708406', '9911828406']",['info@archoclasses.com']
Sharpline Academy,"T-304, Shokeen Plaza, Plot No. 3, Sector 12, Dwarka, Delhi, 110075",http://www.sharplineacademy.com/,['9871346901'],[]
Bhardwaj Institute,"183 B, Pocket C, Mayur Vihar, Phase-2, Delhi, 110091",http://bhardwajclasses.com,"['9810036048', '011-22771285', ' 22774783']",['bhardwajclasses@gmail.com']
Harmonics Academy,"Head Office- #A-7, 1 Phase, Acharya Niketan Mayur Vihar, Mayur Vihar, Near Jammu Kashmir Bank, Delhi, 110091",http://www.harmonics.in/,"['9871716657', '9810580726', '011-22751870', ' 43095612']",[]
Sudarshan Classes,"F25/2, Madhu Vihar, Patparganj, Delhi, 110092",,['9810701368'],[]
SIIT JEE,"L-5, First Floor, Lajpat Nagar-II, Delhi, 110024",http://siit-jee.org,"['9936410745', '8127705733', '9568984620', '9810074878', '011-41646759', ' 2981276']",[]
Career Guru 4U,"NCR Head Office- D-239, IInd Floor, Vivek Vihar, East Delhi, Delhi,",http://careerguru4u.in,['8587902974'],[]
Knowledge Development Center,"East Delhi Centre- 112, First Floor, Nipun Tower, Community Centre, Karkardooma, Delhi, 110092",http://www.kdconline.in,['9810341516'],[]
Institute Of Creative Sciences,"H 1482, 1ST FLOOR, C.R PARK, Delhi, 110019",http://institute-of-creative-sciences.business.site/,['9818541252'],[]
Credible Professional Solutions,"Plot No. 117, Pocket B-5, Sector 4, Rohini, Delhi, 110085",http://www.thecps.co.in,"['9213557489', '8447871204', '9211648801', '011-23640239']",['info@thecps.co.in']
Star Education Centre,"No. 161/13, Batla House, Jamia Nagar, Delhi, 110025",http://www.thestareducation.com/,"['9891333993', '011-26988200']",[]
RAMANUJAN INSTITUTE,"Shop Number-k-5, Punjabi Bazar, Kotla Mubarakpur, Delhi, 110003",http://ramanujaninstitute.com/,"['9015042726', '9871220882']",[]
Kalabhumi Arts,"T1, T4, Third Floor, Manish Metro Plaza 6 , Plot no-5 Near BENSUPS HOSPITAL ,KM Chowk Sec-12 Dwarka-75., Delhi, 110078",http://www.kalabhumi.com/,"['9717414013', '9868214044', '011-45059376']","['kalabhumi@yahoo.com', 'kalabhumi786@gmail.com']"
Target Classes,"105, Laxman Plaza, Near Bank of Baroda, D-211, Munirka, Delhi, 110067",,"['9971619656', '9811737038']",[]
Pandey Institute of Physics,"B-23, Amar Colony, Lajpat Nagar- IV, Landmark Sahibzada Ajit Singh Gurudwara, Delhi, 110024",http://www.pandeyinstitute.com/,['9999306430'],['info@pandeyinstitute.com']
Marksman Classes,"48, Hasanpur, I.P. Extn., Delhi, 110092",http://marksmanclasses.com/overview.html,"['9811744029', '011-43094712']",[]
Teachwell Institute Pvt Ltd,"415, 4th Floor, Amba Tower, DC Chowk Complex, Sec-9, Rohini, Delhi, 110085",http://www.teachwell.co.in/,"['9015557890', '9891118733', '011–27860899']",[]
Expert Tutor,"Classic House, W-86, Greater Kailash IInd, Delhi, 110048",http://www.experttutor.in/index.html,['8880261616'],[]
AMSC Institute,"F-14/30, Sector 15, Rohini, Delhi, 110089",http://www.amscinstitute.com/,"['9999325573', '9350810324']",['contact@yourdomain.com']
Elite Academy,"A 260, Shastri Nagar, Delhi, 110052",,['9811373026'],['https://www.english-elite.com']
Pulse Academy,"540, Site-1, Nangafgarh road, Vikaspuri, Opposite metro pillar no.624, Delhi, 110018",,"['9718588886', '9208748512']",[]
Ipedia Academy,"T-29, Khirki Extension, Malviya Nagar (Near to Gatta Factory), Delhi, 110017",http://www.ipedia.in,"['9711284794', '7503790982', '9654728477', '011-26676629']",['ipediagroup@gmail.com']
Guru Dronacharya,"487/36, National Market,Peera Garhi, Paschim Vihar, Delhi, 110087",http://www.gurudronacharya.org/,['09999414290J'],['gurudronacharya2015@gmail.com']
MEC Institute,"B-51, L.G.F. , Amar Colony Lajpat Nagar-4, Delhi, 110024",http://www.mecinstitute.com/,['+91.9971161302'],['mecinstitutedelhi@gmail.com']
Alpha Plus Tutorials,"606-A, R.K. Puram, Delhi, 110022",,['8008414880'],[]
Parikshaguru,"28, Commercial Complex, Jia Sarai, Near IITD, Hauz Khas, Delhi, 110016",http://www.parikshaguru.com/Default.aspx,[' 26537537'],['marketing@parikshaguru.com']
The PMT Forum Academy,"A1/32, IInd Floor Opposite Metro, Pillar No. 624, Janakpuri, Delhi, 110058",,"['9990233370', '9560788198', '9953457618', '011-41036554']",['saketinstitute2016@gmail.com']
Chauhan Coaching Centre,"Head Office- Shop No. 9, First Floor, Opposite Sri Venkateswara College, Near Shiv Mandir, Satya Niketan, Delhi, 110021",http://www.chauhancoaching.in,"['9811211872', '9873377101']",[]
Sanjeev Dawar Classes,"5/19, Near to Patel Nagar Metro Station, East Patel Nagar, Delhi, 110008",,"['9811106019', '9873246019', '9212113307', '011-25881031']",[]
Originative Institute,"A-1/17, Uttam Nagar, East Metro Station, Near Aakash Book Palace, Janakpuri, Delhi, 110059",http://originativeinstitute.com,"['9555144449', '9968478399', '011-65296520']",[]
Gupta Tutorials,"H-25, Mezzanine Floor, Connaught Place, Delhi, 110001",,"['011-43045501', ' 43045502', ' 43045503']",[]
Sutra Classes,"254, Second Floor, Aggarwal Chamber, C.D. Block Pitampura, Delhi, 110085",www.sutraclasses.com,['9350928856'],['sutraclass@gmail.com']
Dwivedi Study Circle,"M-1, Mahavir Nagar, Janak Puri, East Metro Station (Pillar No. 557), Delhi,",http://www.dwivedistudycircle.com/,"['9911984242', '9899522121']",['dwivedistudycircle12@gmail.com']
Chinar Education Pvt Ltd,"C- 404, Main Ramphal Chowk Sector-7, Dwarka, Delhi, 110075",http://www.chinareducation.com/,"['9811224567', '011-25080777']",['info@chinareducation.com']
Knowledge Point,"DDA Flats (Main Market), Ramji Lal Complex, Kalkaji, Delhi, 110019",,"['011-26022608', ' 26022609']",['knowledgepoint2013@gmail.com']
Ambition Academy of Science,"63/3, Ghumman House, 3rd Floor, Kalu Sarai, Sarvapriya Vihar, Delhi, 110016",http://www.ambitionacademyofscience.com/,"['9818000329', '011-41010329']",['info@ambitionacademyofscience.com']
IIT Square,"G-12,SHYAM PARK,NEAR NAWADA METRO STATION GATE NO-1, UTTAM NAGAR,NEW , Delhi, 110059",https://www.facebook.com/iitsquare/,['9818818021'],[]
Impact Academy,"C-8, CSC-4/23, 12, DDA Market Opp. Gurudwara, Madhuban Chowk Sector -8, Rohini, Delhi, 110085",,"['9810838035', '9212028477']",[]
Power Coaching,"44-C, Kaloo Sarai, Delhi, 110016",http://powercoach.in/,['9911122435'],[]
The Modern Education,"Shop Number R 17., Main Road In Side Market., Patel Nagar West, Delhi, 110008",,"['8920290454', '8447019901']",[]
Best Tutorial,"G/59 Second Floor, Opposite Pillar No. 40, Vikas Marg, Laxmi Nagar, Delhi, 110092",http://www.besttutorials.in,"['8285100535', '8285100536', '011-43053728']",['contact@besttutorials.in']
R & R Study Point,"UG-3, Sagar Plaza- I, M2K Market, Pitampura, Delhi, 110034",http://www.rrstudypoint.com,"['9810112333', '9650112333', '011-27017333']",['info@rrstudypoint.com']
Education World,"75, Bharat Nagar, New Friends Colony, Delhi, 110025",,['9810048822'],[]
Saksham IIT/PMT,"A1/92, Janakpuri, Delhi, 110058",http://iitpmtsaksham.com/,"['9560771711', '011-40597195']",[]
Sketcharts,"Pocket B, Block 2, Ashok Vihar, Phase 3, Near Satyawati College/Model Town Metro Station, Delhi, 110052",http://sketcharts.net/index,"['9711243087', '9213583318']",['sketcharts.studio@gmail.com']
Agrawal's Mathesis Study Hub,"7/11, Old Double Storey (Nirmal Puri), Near Nagpal Chole Bhature, Block 7, 110024, Lajpat Nagar IV, Lajpat Nagar 4, Delhi, 110024",,['7838803755'],[]
Maa Saraswati Coaching,"AC Block – 151 A, Shalimar bagh, Delhi, 110088",,"['9871952679', '9654189242', '9654793081']",[]
Gyan Tutorials Bureau,"R-67, Block-B, East Vinod Nagar, First Floor, Delhi, 110092",,"['9899391076', '9899391069']",[]
Unitech Study,"104/9, Kishangarh, Vasant Kunj, Infront of Chevrolet Showroom, Delhi, 110070",,"['9013822118', '8447522772', '7838157240', '8595212451', '9990783396', '8447923889']",['unitechstudy@gmail.com']
TeachingCare.com,"No. 21, Third Floor, Guru Nanak Market, Lajpat Nagar 4, Delhi, 110024",https://www.teachingcare.com/,"['9811000616', '8882100700']",['info@teachingcare.com']
Saxena Success Point,"Study Centres- P2 Complex, Brig. Hoshiar Singh Road, Delhi, 110023",http://saxenasuccesspoint.com,"['011-24673656', ' 24673657']",[]
Geetanjali Classes,"Sector 108, NOIDA, Delhi,",,"['9818590493', '9555662023']",['knowledgeacademy6@gmail.com']
Savant Education Group,"E-17, East of Kailash, Delhi, 110065",,"['9891292326', '9599472822', '011-26224417']",['info@savantgroup.org']
Linguistic Seed,"D-11/112, Sector 7, Rohini, Delhi, 110085",http://www.linguisticseed.in/,"['9899892448', '9910080348']",[]
Carrer Guru 4U,"D-239, 2nd Floor, Vivek Vihar, Delhi, 110095",http://www.careerguru4u.com/,['8587902974'],[]
Pentagonal Science Institute,"RZ 615-C, Main Road, Palam Colony, Delhi, 110075",http://www.pentagonalscienceinstitute.com/,"['9810337584', '011-25364306']",['psi2277@gmail.com']
Education Studio,"Registered Office- E-16/64-65 3rd Floor, Sector 8, Rohini, Delhi, 110085",http://www.educationstudio.in,['011-45130105'],['info@educationstudio.in']
Eduplus Academy,"226, 2nd Floor, Vardhman Premium Mall, (Opp. Kali Mandir), Delhi, 110088",,"['9871257657', '011-32933366']",[]
Pandey Study Circle,"230-A, Jin Suri Complex, South Extension Part– II, Delhi, 110049",http://pandeystudycircle.com/,['9313900584'],['pandey.study.circle@gmail.com']
Saksham Tutorials,"Flat #1195 G.S. 14, Pashim Viha, Delhi, 110063",http://www.sakshamtutorials.com/,"['9910021888', '9958580499']",['info@sakshamtutorials.com']
Lakshay 90Plus Classes,"106, Tirupati Plaza, Pocket 4 Market Sector 11, (Near Metro Station) Dwarka, Delhi, 110075",http://lakshay90plusclasses.com/index.html,"['011-45725326', ' 64657642', ' 64657643']",[]
Knowledge Development Centre,"Information Centre- 81, IInd Floor, G.T.B. Nagar, Kingsway Camp, Delhi, 110009",http://www.kdconline.in,['011-43701283'],[]
Tapasaya Academy,"C-8/4, Sector 7, Sai Baba Chowk, Near East Metro Station, Delhi,",,"['9311116855', '9311116877', '011-27051504']",[]
Edu Spine,"A-1/105, Sector 6, Rohini, Delhi, 110085",https://www.facebook.com/eduspine2010/,"['9818845676', '011-65785700']",[]
Mission IIT PMT academy,"863/3, Sant Nagar, Main Market, Burari, Near Canara bank, Delhi, 110084",,"['9650232969', '011-33631523']",[]
Prodigy Institute,"38/52, Road Number 51, West Punjabi Bagh, Delhi, 110026",http://www.prodigyinstitute.in,"['9811898980', '011-65924832']",['contact@000webhost.com']
Scholars Academy,"A-4/44, First Floor, Paschim Vihar, Delhi, 110063",,"['9811387306', '011-47625625', ' 45510744']",[]
The Sai Career Crafters,"205, Rajendea Tower, Janak Puri, Near Janakpuri Bus Stop, Delhi, 110001",,"['986520282', '8802020282', '011-25620282', ' 25540282']",['info@saitutors.com']
Sareen's Physics Classes,"B-22, Near Rama Book Depot, Dayanand Colony, Lajpat Nagar, Delhi, 110024",http://sareenclasses.in/index.php,['9711189465'],['madhav86sareen@gmail.com']
Sankalp Academy,"F-9, Main Road, Katwaria Sarai, Delhi, 110016",,"['9810397667', '9540236798']",[]
Smart Careers,"No. B16/47, Connaught Place, Delhi, 110001",,"['011-43580697', ' 43580645']",[]
Brills Education India,"#165, Kapil Vihar, Main Road, Pitampura, Above HDFC Bank, Delhi,",,"['011-27157766', ' 27157788', ' 27196333']",[]
Bhargavas Classes,"59/2, 2nd Floor, Hauz Khas, Delhi, 110016",,['011-41684080'],[]
Einstein Classes,"Unit No. 102-103, Vardhman Ring Road Plaza, Vikas Puri Extention, Outer Ring Road, Delhi, 110018",http://WWW.einsteinclasses.com,['9312629035'],['einsteinclasses2003@gmail.com']
F.M.Q. Classes Private Limited,"Jamia Nagar, Okhla, Batla House, Zakir Nagar Main Road, Block C, Joga Bai Extension, Zakir Nagar Okhla, Delhi, 110025",,['011-26922827'],['fmqclasses4@gmail.com']
Ashadeep Classes,"206, Basement, Vinoba Puri, Lajpat Nagar II, Delhi, 110024",,"['9910009351', '9990995641', '011- +(91)-11-39545716']",[]
Saraswati Academy,"33, First Floor, Central Market, Opposite Police Station, Ahok Vihar, Delhi, 110052",,['011-66732698'],[]
Competent Academy,"AB 26, Shalimar Bagh, Delhi, 110088",,"['9891699977', '9212208423', '011-27486300']",['competentacademy@rediffmail.com']
Knowledge Infinity,"K–7B, Lower Ground Floor, Kalkaji, Delhi, 110019",,"['9711153336', '9811130500', '011-45066319']",['knowledgeinfinity.in@gmail.com']
Intelligent Tutorials,"Vashisht Park, Gali No. 15, Pankha Road, Sagarpur, Delhi, 110046",,"['9810776204', '9891217875', '9891236190', '9910739484']",[]
Kapoor Coaching Academy,"C-147, Basement, Lajpat Nagar II, Near Central Market, Delhi, 110024",http://tutorialprivate.com/,"['9818445395', '9811697287', '011-46520699']","['pratan2345679@gmail.com', 'taneja_kca@yahoo.co.in']"
Aastha Education,"#171-C, TMIG (Red Fla, Rajouri Garden), Delhi, 110027",,"['9871857723', '9999073399']",[]
S.K. Coaching Centre,"Tara Nagar, Uttam Nagar, Delhi, 110059",,['9211402968'],[]
Vision to Education,"J-3/186, Nehru Market, Rajouri Garden, Near Gurudwara, Delhi, 110027",,['011-33986808'],[]
Genius Physics Classes,"16/430, Second Floor, Lodhi Colony, Delhi, 110003",,['011-66880691'],[]
Locus Education,"65-A, Ompro Tower, Near IIT Flyover, Kalu Sarai, Hauz Khas, Delhi, 110016",http://www.locuseducation.org/,"['9717509961', '011-46080145', ' 46080146']",[]
Aryabhatt Classes,"Plot No. 5, 3rd Floor, Sikka Mansion, Savita Vihar, Delhi, 110092",,"['9810558844', '011-43908888']",[]
Vidya Niketan Classes,"C2C/12/144, Janakpuri, Near Central School, Main Road, Delhi, 110058",,['9560113398'],[]
Mishra Tutorials,"604, Main Market, Green Park, Delhi, 110016",,['011-66535899'],[]
Kumar Physics Classes,"E-281, Basement, Near M Block Market, Greater Kailash II, Delhi, 110048",http://www.kumarphysicsclasses.com,"['9958461445', '011-41032244']",[]
Skyline Tutorial,"E-97, Near P.N.B., P.N.B. Road, Shastri Nagar, Delhi, 110052",,"['9250318283', '9811229946', '9136244554']",[]
Kiran Institute,"6 and 7 A Block, M.C. Primary School, Ghasipura, Nangli Vihar, Delhi, 110043",,['011-66731426'],[]
Sai Raman Academy,"831, 832, G.D. Colony Mayur Vihar- III,, Delhi, 110096",,['9650877888'],[]
Sarthak Academy,"Rajouri Garden, Near ESI Hospital, Delhi, 110027",,"['9810514982', '011-25935856']",[]
Swastik Classes,"H-85, Near Bengali Sweets, South Extension- I,, Delhi, 110049",,"['9540957585', '011-66450716']",[]
Shiksha Classes,"3/1, Ashok Nagar, Delhi, 110018",http://www.physicsshiksha.com/,"['9818565111', '9818809196', '9717743117', '011-65659196']",[]
Toppers Classes,"WZ79, Shop No. C6, 1st Floor, F-Block, Virender Nagar, Janakpuri,, Delhi, 110058",,['9810108134'],[]
Aim Achiever,"B 34-A, Kalkaji, Delhi, 110019",,['011-66217052'],[]
Divine Educational Institute,"80/33, Near Ganpati Apartment, Malviya Nagar, Delhi, 110017",,"['9711276869', '011-41006227']",['divineugcnet@gmail.com']
Career Point Academy,"E-6/5, Krishna Nagar, Opposite Swarn Cinema, Near Bus Stand, Delhi,",,['011-22025611'],[]
Prateek Tutorials,"12/21, First Floor, Near Water Tank, old Rajender Nagar, Delhi, 110060",,"['9810443443', '011-25753443']",[]
Gurukul Excellent Education,"D-11-146, Sector 7, Rohini, Near Sai Baba Mandir, Delhi, 110085",,"['9873554499', '9971333170', '011-270440222']",[]
Sachdeva Coaching Institute,"3130, Mahindra Park, Near Kapil Body Temple, Ranibagh, Delhi, 110034",,"['9899729696', '9999506061', '9313709357']",['rbsachdeva@yahoo.com']
Impact Tutorials,"DA-4, 3rd Floor, Lakshmi Nagar, Near Metro Pillar No. 52-53, Vikas Marg, Shakarpur, Delhi, 110092",,['9213270286'],[]
Pinnacle Competitive Classes,"Head Office- 155, 2nd Floor, Kapil Vihar, Delhi, 110034",http://pinnacleclasses.com,"['9811787073', '011-27351187']",[]
Raj's Math Academy and IIT Academy,"C 7-223, Sector 8, Rohini, Delhi, 110085",,['011-66356516'],[]
Aryan Institute,"DS, First Floor CSC, Dda Market, Pkt A, Dilshad Garden, Delhi, 110095",,"['9999505849', '9911729364', '011-22596098']",[]
Jupiter Coaching Center,"B-325, Sarojini Nagar, Delhi, 110023",,"['9953723503', '8800265790']",[]
Galaxy Coaching Center,"D-35, 2nd Floor, Acharya Niketan, Mayur Vihar Phase 1, Delhi, 110091",,"['9818146028', '9818054944', '011-32539683']",[]
Surya Shiksha Mandir,"Plot No. C-4/4, First Floor, Bhagwati Garden Extn, Dwarka, Delhi, 110059",,['011-32229211'],[]
Plasma Institute,"F-13/5, Batla House, Near Jamia Corprative Bank, Street No. 1, Nafees Road, Jamia Nagar, Delhi, 110025",http://plasmainstitute.com/,"['9350005771', '9868326979', '011-26988514']",['info@plasmainstitute.com']
Compu Host Institute Of Learning,"Shop No -106/107, Vardhman Crown Mall, Dwarka Sector 19, Delhi, 110075",,['9152839832'],[]
Alpha Beta Gamma Coaching,"Flat No. 55, Bpocket 2, Opp. Shiv Mandir Sector 6, Dwarka, Delhi, 110075",,"['9899221900', '9599221900', '011-28086709']",[]
Pariksha Coaching Center,"RZ, D-5/75, BH OBC Bank, Gali No. 6, Mahavir Enclave, Delhi, 110045",,"['9999220015', '011-45564423']",[]
Ashapeef Tutorials,"#65-A, Ompro Tower, Kalu Sarai, Sarvapriya Vihar, Delhi, 110016",,"['011-26515394', ' 26514928', ' 33400116']",[]
Brothers Academy,"4th Floor, Tirupati Towers, Circular Road, Delhi, 834001",,"['9835591911', '0651-6571441']",[]
Career Orientations,"#94-B, Hindi Park Daryaganj, Delhi, 110002",,"['011-23286391', ' 33286358', ' 23260248']",[]
Career Masters Institute,"#G-ll, Anupam Plaza-56/1, Kalu Sarai, Near Hauz Khas Bus Terminal, Delhi, 110016",,"['011-26852801', ' 26537521']",[]
Acumen IIT JEE Classes,"A-190/12, First Floor, Near Beri Wala Bagh, Aali Vihar, Sarita Vihar, Delhi, 110076",,"['9810778881', '9350154037']",[]
Laureates Tutorials,"E-241, 1st Floor, Tagore Garden Extension, Delhi, 110027",,"['9818972575', '9811762907', '011-33059031']",[]
Gurdeep Coaching Classes,"B.C. 111-B East, Near Kali Badi Mandhir, Shalimar Bagh, Delhi, 110088",,"['9212635967', '9211549354']",[]
Omega Education,"B2/1, Paschim Vihar, Delhi, 110063",,['011-25289166'],[]
Satija Tuition Center,"B-3, Basement Pankaj Chamber, Near Apollo Hospital, Pocket-H Market, Sarita Vihar, Delhi, 110044",,['9810388369'],[]
Asha Deep Tutorials,"65/A, Ompro Tower, Hauz Khas, Delhi, 110016",,"['9813300116', '011-26515394', ' 26514928']",[]
Tripos Institute,"C-12/212, Yamuna Vihar, Delhi, 110053",,"['8527538000', '8527438000']",[]
Rohit GyanshreeIIT Educorp Private Limited,"A-8, Main Road, Uttam Nagar,Near Uttam Nagar East Metro Station Gate No. 2, Delhi, 110059",,['9152410083'],[]
IIT Hub,"106 and 102, First FLoor, R.G. Complex II, Prashant Vihar, Sector 14, Rohini, Near PVR, Delhi, 110085",,['9810059367'],[]
The Tutors Planet,"303 Aggarwal Tower, Plot No. 2, Sector 5, Central Market, Dwarka, Delhi, 110075",http://www.thetutorsplanet.com/index.aspx,"['9810795022', '9312208279', '9654799351', '9718926200']","['student@thetutorsplanet.com', 'tutor@thetutorsplanet.com']"
Moon Rise Classes,"41/77, Iskcon Temple, Punjabi Bagh Club, Punjabi Bagh Club Road, Punjabi Bagh West, Delhi, 110026",,"['9582426241', '8130586345']",[]
I Think Learning Systems,"A-1175, G.D. Colony, Mayur Vihar, Phase III, Delhi, 110096",,"['9871192541', '011-64612426']",[]
Maths Panache,"297 Ground Floor, Satya Niketan South Campus, Opp. Venketshwara College, Delhi, 110021",http://mathspanache.com/,['9891815787'],[]
Dhingra Education Bureau,"D-34B, Ground Floor, Moti Nagar, Delhi, 110015",,"['9891779712', '9911104761', '9911104781']",[]
Ankit Gupta Classes,"Rani Bagh, Pitampura, Delhi, 110034",http://ankitguptaclasses.weebly.com/,"['9899875480', '9541241201']",[]
AR Bose Institute,"A-4/24, Sector 18, Rohini, Delhi, 110089",http://www.bipsconsultancy.com/,"['9971440914', '011-64589669', ' 27853339']",[]
Alpha Institute,"C-705, 3rd Floor, Plam Ext. Siksha Bharat School Road, Sector 7, Dwarka, Delhi, 110075",,['9910675852'],[]
Amit Anand Coaching Centre,"Geeta Colony, Gandhi Nagar, Near Taj Enclave, Delhi, 110031",,['9811437763'],[]
Amar Soni Coaching Classes,"Paschim Vihar, Delhi, 110063",,"['9213520935', '9871406978', '011-25282404']",[]
Achievers Center of Learning,"Rz 74/4, 2nd Floor, Near Fortis Hospital, Kishan Garh, Vasant Kunj, Delhi, 110070",,['011-66356206'],[]
IKAN Education,"F-76, 2nd Floor, M.B. Road, Saidulajab, Beside Saket Metro Station, Delhi, 110030",http://www.ikaneducation.com/,"['8287620350', '8287620392', '8287629288', '011-40570872']",['ikaneducation@gmail.comikaneducation@gmail.com']
Sahil Education Coaching Centre,"B 1-637, Near East Metro Station, Janakpuri, Delhi, 110058",,"['9818557082', '9818557084', '011-25554045']",[]
Study Planet Tutors,"1098/8, Mehrauli, Delhi, 110030",http://www.delhituition.in/home,"['', '9711674929']",['studyplanettutors@gmail.com']
ACME Zone,"#223, Pocket D-14, Sector 7, Rohini, Delhi, 110085",,"['011-27934466', ' 27054452']",[]
Academy of Mathematics,"S-16, Pankaj Central Plaza, Plot No. 5, Sector 12, Dwarka, Delhi,",,"['9810901638', '9868070502']",[]
Concepts Tutorial,"Vardhaman Airport Plaza 2, Sector 6, Dwarka (Near Railway Station), Delhi, 110075",,"['9313990399', '011-65482646']",[]
Star Institute,"A-138, Ganesh Nagar, Delhi, 110059",,"['9971791291', '9971912910', '+91 11 39642363']",[]
Saraswati Mandir Classes,"B-38, Opposite CRPF School, Prashant Vihar, Rohini, Delhi, 110085",,"['9810064792', '011-27864658', ' 27861461']",[]
Angira Classes,"B-138, IInd Floor, Ganesh Nagar (West), Main Najafgarh Road, Opp. Amar Leela Hospital, Delhi, 110018",,"['011-25921818', ' 25921819']",[]
Success Educational Institute,"Durga Puri Chowk, Jyoti Colony, Shahdara, Delhi, 110032",,['9810913373'],[]
Bhandari Education Centre,"Street No. 6, Vinod Nagar, Delhi, 110092",,"['9911166415', '9250698415']",['ssbhandari2@gmail.com']
ChemistryMINDS,"2580, Hudson Line, Behind Khalsa College (DU), Near GTB Nagar Metro Station, Gate No. 3, Kingsway Camp, Delhi, 110009",http://www.chemistryminds.com,"['9891602060', '9540169164']",[]
Helix Classes,"F-238-A, Mangal Bzr., Main Road, Laxmi Nagar, Delhi, 110092",,"['9899718152', '9899337850']",[]
N.P. College,"House No. 3550, Jatwara Street, Near Sablok Clinic, Daryaganj, Delhi, 110002",,"['9810032531', '011-23255084']",[]
Ideal Day Tutorials,"House No. 60, Gali-12, Meethapur, Badarpur, Delhi, 110044",,['011-66538468'],[]
Omni Eduknow,"GTB nagar metro station, 1B, 2nd floor Near Number 4, Delhi Gate, Mukherjee Nagar, Delhi, 110009",,['9990101048'],[]
Chinar Education,"C 404, Main Ramphal Chowk, Sector 7, Dwarka, Delhi, 110077",,"['9811224567', '011-66361096']",[]
Glare Academy,"T-2, TSL Tower, LSC Complex, Plot No. 3, Dwarka, Sector 4, Delhi, 110078",,"['8130550149', '011-65577315']",[]
Aryabhatt Coaching Center,"No. D279, Street No. 3, Phase 2, Near Radha Swami Satsang Bhawan, Najafgarh, Delhi, 110043",,"['8010193207', '9540769169', '9868114511']",['shekhar.smn061@gmail.com']
Eduntar Education,"N148, Laxminagar, Narayana Nagar, Delhi, 110092",,"['9582257569', '9582257564', '011-64653444']",[]
Naveen Academy,"Block I 36-37, Near Delhi Chat Bhandar, Jahangirpuri, Delhi, 110033",,"['9811628083', '9311181711', '9310587171']",[]
Shri Ram Aggarwal Study Centre,"2nd Floor, Shri Hari Bhawan, Laxmi MarketA, Opp. Canara Bank, Delhi, 110067",,"['9811213840', '011-26715357']",[]
K.H. Gravity Coaching Center,"40-A, First Floor, Gali No. 1, Kundan Nagar, Near Lakshmi Nagar Metro Station, Delhi, 110092",,"['9818318303', '011-22442784']",[]
Expert Talk Academy,"1057, Ward No. 8, Near Gurwala Kuan, Mehrauli, Delhi, 110030",,"['8447819177', '011-26641681']",[]
Maharaj Institute,"B-1/233, Basement, Yamuna Vihar, Delhi, 110053",,"['9971014251', '9891181058', '9971014254']",[]
Anil Coaching Centre,"No. 127/3, Sector 11, Dwarka, Delhi, 110075",,"['9871652858', '9310861725']",['aniljha.127@gmail.com']
Expert Online Tutor,"205, Vardhaman Prasad Plaza, MLU Pocket 6, Plot No. 1, Sector 12, Dwarka, Delhi, 110075",expertonlinetutor.in,"['9717289969', '9650611320', '011-42263176']",['care@expertonlinetutor.in']
Meditech,"E-1075, Basement, Dwarka Sector 7, Delhi, 110075",,['9152463453'],[]
Arora's Educational Services,"B-37, Madhu Vihar, 2nd Floor, Street No. 14, Patparganj, Delhi, 110092",,"['9560308806', '011-22239034']",[]
Sharma Tutorial,"Preetvihar, Near Gurudwara, Preet Vihar, Delhi, 110092",,"['9811068313', '9968491542']",[]
High Achievers Academy,"188, Sant Nagar, Sai Plaza Building, East of Kailash, Delhi, 110065",,"['011-41622038', ' 41622039']",[]
Sudhir Panwar Coaching Classes,"D-14-222, Opposite Canra Bank and Near Ayodhya Chowk, Sector 3, Rohini, Delhi, 110085",,['011-66430881'],[]
Nes Edu Centre,"298, Satya Niketan, First Floor, Near Venkateshwara Collage, Dhaula Kuan, Delhi, 110010",,"['9818040430', '011-24675793', ' 24677731']",['rnigah76@gmail.com']
Srijan Study Circle,"Shop No. 48, First Floor, New Market, Timarpur, Delhi, 110054",,['9911757737'],[]
Vikas Institute of Education,"32, R.R. Block, Opposite Metro Station, Near Vikas Mall, Shahdara, Delhi, 110032",,"['8802730777', '9910702526']",[]
Physics and Chemistry Experts,"Flat No. 184, Gangotri Apartment, Sector 12, Dwarka, Delhi,",,"['9810458405', '011-28031232']",[]
NS Coaching Centre,"Main Road, Near Mahavir Dharam Kanta, Kondli, Delhi, 110096",,['9891681461'],['nscompound7879@yahoo.com']
JEE Plus,"J-3 9, Near Krishna Mandir, Khirki Extn, Malviya Nagar, Delhi, 110017",,['9718666634'],[]
J.M.S. Tutors,"404, Senior Secondary School, Sector 2, Rohini, Delhi, 110085",,"['9811657063', '989984074', '011-27517504']",[]
Kochar Study Circle,"RDC-38, Raj Nagar, Delhi, 201002",,"['9871166055', '9873583899', '0120-4132496']",[]
Premier Tutors Bureau,"NDSE, South Extension Part II, Delhi, 110049",,"['9810692537', '9811098943', '011-26255644', ' 26108925']",[]
Physics Chemistry and Bio Experts,"Flat No. 184, Pocket 1, Gangotri Appartment, Sector 12, Dwarka, Delhi, 110075",,"['9810458405', '011-28031232']",[]
Conceptual Physics Institute,"B-9/9096, LIG, Ground Floor, Near JISM, Vasant Kunj, Delhi,",,"['9312158838', '9910530955']",[]
Shikshantar Tutorial,"Anand Vihar, Delhi, 110092",,['9313284345'],[]
Safal Study Circle,"AJ-31 C, Opp. Everbake, Shalimar Bagh, Delhi, 110088",,['9810125456'],[]
Jasbinder Singh Academy,"S-37, Kalkaji, Delhi, 110019",,['9810519904'],[]
Achievers Education Point,"#2142/A, Bawana Road, Narela, Delhi, 110040",,['9654555431'],[]
Anika Tuition Center,"Fine Home Apartment, Near Jeevan Anmol Hospital, Mayur Vihar, Delhi, 110091",,"['8826037770', '011-43044073']",[]
Manoj Kumar Rajhans Coaching Classes,"Sector 3, Pushp Vihar, Saket, Malviya Nagar,, Delhi, 110017",,['9810843066'],[]
Global India Education,"WZ 118, Subash Nagar, Rajouri Garden, Delhi, 110027",,"['9569031191', '8447049501', '7503531411']",[]
Edusys Learning Media,"103, Ground Floor, Taj Apartment, Safdarjung Enclave,, Delhi, 110029",http://www.edusys.in/,['011-26161014'],['edusys.in@gmail.com']
Sri Ram Tutors Bureau,"Guru Angad Nagar, Plot No. C/17/B/5, Raj International Business Centre, Guru Nanak Pura, Delhi, 110092",,"['9999262608', '9999205120', '011-22527793']",[]
R.B. Tutors Bureau,"132-A, L.I.G. Flat, Mayur Vihar Phase 3, Mayur Vihar, Delhi, 110095",,"['9811745395', '9871380708']",[]
Foundation Institute of Integrated Technical Studies,"Plot No. 2, 2nd Floor, Aggarwal Tower Sector 5, Dwarka, Delhi, 110075",,"['9891252515', '011-32538216']",['fiits_js@yahoo.co.in']
Subodh Maths Classes,"Shop No. E-67, Bank Streat, Laxmi Market, Munirka, Delhi, 110067",,['9660857116'],[]
IIFA,"Ground Floor, Janakpuri, Delhi, 11058",,"['011-25556010', ' 25556011']",[]
Discovery IIT PMT,"B-15, 3rd Floor, Shankar Garden, Vikaspuri, opp.metro pillar no.609 nr unity mall, Delhi, 110018",,"['9213941681', '9958583752', '011-45542850']",[]
Delgem Academy,"C-12, Vikaspuri, Delhi, 110018",,"['011-25559589', ' 25614373']",[]
Basant Tutorials,"#B-V 637, Janakpuri, Delhi, 110058",,"['9212546456', '011-41027641', ' 64617641']",[]
Educare 4U,"D-135, Fateh Nagar, Jail Road, Near Bikaner, Shiv Nagar, Janakpuri, Delhi, 110058",http://www.educare4u.in,['9810366355'],[]
Eearth Institute,"Door No. 426, Deepali Enclave, Delhi, 110034",,"['9818123472', '8527128271', '011-27010047']",[]
Anil Home Tuition,"D-45, Lig Flats, G.T.B. Enclave, Dilshad Garden, Delhi, 110095",,"['9868137337', '9013137337', '7503404640', '011-22578884']",[]
Tapovan Classes,"A-1/17, Near Akash Institute, Main Najafgarh, Janakpuri, Delhi, 110058",,"['9650877808', '011-41022174']",[]
Sudarshan Rai Coaching Centre,"No. 1, 2nd Floor, Kishan Kund, Lakshmi Nagar, Delhi, 110092",,"['9810701368', '011-43017076']",[]
Sai Ram Home Tutors,"A-2, First Floor, 11/9, Kishan Garh, Near Gousala, Vasant Kunj, Delhi, 110070",,['011-66733588'],[]
Akshat Agrawal Maths Classes,"D-3, Near Hauz Khas, Vasant Kunj, Delhi, 110070",,['9990603640'],[]
Daffodils Educational Service,"Office No. 66-B, Basement, Kalkaji, Near Planet M, Delhi, 110019",,['9999222738'],[]
Pembinaan Classes,"89 A, B Block, Near Pal Chowk, Susheela Garden, Mandoli, Delhi, 110093",http://www.pembinaanclasses.com/,"['9999864406', '8287586807']",[]
Sufal Physics Forum,"#JF-9/C-4, Gupta Colony, Khirki Extension, Malviya Nagar, Delhi, 110017",,['9891299835'],[]
Gyan Sanstha IIT,"205, Odean Plaza 2, Plot 13, 2nd Floor, Sector 10, Dwaraka, Delhi, 110075",,"['9871232942', '011-66357317']",[]
Benzene Classes,"F-170, Swastik Apptt, Flat No. 301, Lado Sarai, Delhi, 110030",,['9891367444'],[]
Mishra Home Tutors,"B-872, Main Road, South Extension 1, Delhi, 110017",,"['9891239133', '9211353777', '011-65855440']",[]
Capital Institute of Competition Training,"G-19, 3rd Floor, Community Centre, Above Tequila Restaurant, Vikas Puri, Delhi, 110018",,"['011-25527006', ' 25527007', ' 35603385']",[]
The Acacia Tutors,"Vasant Kunj, Delhi,",,['9818540085'],[]
Manasarovar Academy,"House No. 7, Near Dhingra Park, Shiv Manoir, Road No. 5, East Punjabi Bagh, Punjabi Bagh, Delhi, 110026",,"['011-25100093', ' 42460493']",[]
Shanti Prakash Academy for Career Excellence,"80, 2nd Floor, Defence Enclave, Opp. Preet Vihar Petrol Pump, Vikas Marg, Delhi, 110092",,"['9999042794', '011-47603516']",[]
R.K. Singh Tutorial,"19-A, Mayur Vihar Phase 1, Back Side of Police Apartments, Delhi, 110091",,['9971660095'],[]
Galaxy College of Science and Commerce,"138, Bhagwan Nagar, Near Jeevan Hospital, Ashram, Delhi, 110014",,"['9868251244', '9818949876']",[]
Prakash Future Engineers Study Forum,"30, Basement, Central Market, West Punjabi Bagh, Delhi, 110026",,"['9811753488', '011-25280477', ' 25220806']",[]
Shilpa Tuition Bureau,"193, 3rd Floor, Rithala Metro Station, Sector 24, Rohini, Delhi, 110085",,"['9868146022', '9811766552']",[]
Verma Institute of Maths,"4/3, First Floor, Opp. Govt Girls Senior Secondary School, Ashok Nagar, Tilak Nagar, Delhi, 110018",,"['9312246110', '011-25490669']",[]
Gsscon Acedemy,"46, Gali No. 1, Near Indian Bank, Pratap Nagar, Mayur Vihar, Phase I, Delhi, 110091",,['9811636987'],[]
Siddharth Deep Institute,"A-1/296, Pankha Road, Janakpuri, Delhi, 110058",,['9971699659'],[]
Physics Guru,"F-170, Swastik Apt, Flat No. 302, Gali Mirza Wali, Lado Sarai-Mehrauli, Delhi, 110030",,"['9871708162', '9810099291', '011-29521707']",[]
ACMEE Institute,"55B, Nisha Complex, Opp. IIT, Kalu Sarai, Delhi, 110016",,"['9871078619', '011-26515412']",[]
God Education Centre,"107, Shop No. 3, West Vinod Nagar, Mayur Vihar, Khichripur, Delhi, 110091",,"['9899148128', '9312648412']",[]
Rawat Coaching Center,"A-43, Gali No. 10, Vinod Nagar West, Delhi, 110092",,['8447560324'],[]
Sharp Brain Academy,"8/11, Opposite Hotel Siddharth Palace, East Patel Nagar, Delhi, 110008",,"['9818756880', '011-45059247']",[]
Sukriti Classes,"B-9, Shankar Garden, Near Dhauli Piau, Najafgarh Road, Vikas Puri, Delhi,",,"['9810268136', '011-45547819']",[]
Aim IIT,"Shop No. 303, Vardhman DEE CEE Plaza, K.M. Chowk, Pocket 1, Sector 11, Dwarka, Delhi, 110075",,"['9013330667', '9899957860', '9212348424', '011-45769447']",[]
Diksha Future Point,"G-39, Opp. Metro Pillar No-714, Kiran Garden, Uttam Nagar, Delhi, 110059",,"['9717145957', '9990472941']",[]
Tripathi Tutors,"#T953/1, 3rd Floor, Nehru Road, Arjun Nagar Lodhi Road, Delhi, 110003",,"['9871386424', '011-32550403']",[]
IITJEE Rnis Academy,"54-56-C, First Floor, Kalu Sarai Bh Hauz Khas Bus Terminal, Hauz Khas, Delhi, 110016",,"['011-47101000', ' 46043784', ' 46022763']",[]
Nitin Sharma Chemistry,"1/5606, Balveer Nagar Extn., Near Energy Point, Street No. 14, Shahdara, Delhi, 110032",,"['9013883144', '8802041081', '011-66723561']",[]
Tutors Forum,"Office No. 307, Plot No. 4, Pankaj Plaza, Sector 4, Dwarka, Delhi, 110075",,['9818780667'],[]
Siddhartha Tutorials,"No. 691, Ground Floor, Sector 12, R.K. Puram, Delhi, 110022",,['9818974743'],[]
Elite Educare,"D 74 Basement, Lajpat Nagar 2-Lajpat Nagar, Alaknanda G K, Amarcoloney Lagpat Nagar 4 South, Delhi, 110024",,['9810252244'],[]
Lorentz Institute,"B 28-A, Ramdutt Enclave, Near Metro Station, Uttam Nagar, Delhi, 110059",,"['9311181257', '7838540000']",[]
Chemistry Specialist,"40, Aravali Apartments, Alaknanda, Delhi,",,"['9999942920', '9312248591']",[]
Bhalla Home Tutors,"#9/94, Subhash Nagar, Delhi, 110027",,['9810874500'],[]
Jayesh Tutorial,"Ambrahi Village, Dwarka, Sector 19, Opposite Appar India College and Pocket No. 2, Delhi, 110075",,"['9718694260', '9990026009', '011-28041779', ' 39511784']",[]
K.R.S. Classes,"439, Pocket 2, Near Sant Marry School, Main Road, Sector 19, Dwarka, Delhi, 110075",,['9958324370'],[]
Einstein Coaching Centre,"B-26-B, Vikas Nagar, Near Pradhan Chowk, Street No. 10, Uttam Nagar, Delhi, 110059",http://www.einsteinclasses.com/,['011-66532101'],['einsteinclasses2003@gmail.com']
Skep Coaching Centre,"Plot No. C1/341, Yamuna Vihar, Delhi, 110053",,"['9899604604', '8588870263']",[]
Ridhima Tuition Centre,"A-12, 2nd Floor, Nirankari Colony, Model Town, Delhi, 110009",,"['9818401180', '9313012906']",[]
Anupam Tutor,"F-37, Katwaria Sarai, Hauz Khas, Delhi, 110016",,"['9311303455', '9718147212']",[]
Target JEE,"B-49, Gali No. 14, Pratap Nagar, Mayur Vihar, Phase 1, Delhi, 110091",,['011-33638514'],[]
Gurucul Education,"Rz-A- 89 2nd Floor, Massodpur, Opp. Pkt D -6, Vasant Kunj, Delhi, 110070",,"['9313425845', '9312334733', '011-64703576']",[]
Earni Education Academy,"R-18, Opp. Oriental Bank of Commerce, Rita Blk, Main Vikas Marg, Shakarpur, Delhi, 110092",,['9350947301'],[]
Jaiprakash Institute,"Plot No. 9, Opposite Jdm Appartment, Sector 5, Dwarka, Main Rajapuri Road, Delhi, 110075",,"['8510040140', '9212161241']",[]
M.V.M. Classes,"D-14/187, Sector 8, Rohini (Near Sri Sai Baba Chowk), Delhi,",,['9015341955'],['manmohanlakhan007@gmail.com']
Harsh Academy,"Ground Floor, Kalkaji, Delhi, 110019",,"['9810904682', '9910315887', '011-26446250']",[]
Rama Coaching Center,"E-67, Super Sine Chowk, East Vinod Nagar, Delhi, 110091",,['9891867287'],[]
